id,iso_code,location,date,total_cases,new_cases,total_deaths,new_deaths,population
13734,AUT,Austria,2022-01-01,1274628.0,3817.0,16845.0,30.0,8939617.0
13735,AUT,Austria,2022-01-02,1278327.0,3699.0,16859.0,14.0,8939617.0
13736,AUT,Austria,2022-01-03,1281328.0,3001.0,16867.0,8.0,8939617.0
13737,AUT,Austria,2022-01-04,1284811.0,3483.0,16879.0,12.0,8939617.0
13738,AUT,Austria,2022-01-05,1290817.0,6006.0,16900.0,21.0,8939617.0
13739,AUT,Austria,2022-01-06,1300899.0,10082.0,16912.0,12.0,8939617.0
13740,AUT,Austria,2022-01-07,1309691.0,8792.0,16922.0,10.0,8939617.0
13741,AUT,Austria,2022-01-08,1318582.0,8891.0,16931.0,9.0,8939617.0
13742,AUT,Austria,2022-01-09,1325632.0,7050.0,16945.0,14.0,8939617.0
13743,AUT,Austria,2022-01-10,1336348.0,10716.0,16953.0,8.0,8939617.0
13744,AUT,Austria,2022-01-11,1347274.0,10926.0,16966.0,13.0,8939617.0
13745,AUT,Austria,2022-01-12,1359957.0,12683.0,16978.0,12.0,8939617.0
13746,AUT,Austria,2022-01-13,1376504.0,16547.0,16988.0,10.0,8939617.0
13747,AUT,Austria,2022-01-14,1393335.0,16831.0,16997.0,9.0,8939617.0
13748,AUT,Austria,2022-01-15,1410269.0,16934.0,17006.0,9.0,8939617.0
13749,AUT,Austria,2022-01-16,1427326.0,17057.0,17018.0,12.0,8939617.0
13750,AUT,Austria,2022-01-17,1442182.0,14856.0,17026.0,8.0,8939617.0
13751,AUT,Austria,2022-01-18,1458292.0,16110.0,17037.0,11.0,8939617.0
13752,AUT,Austria,2022-01-19,1476626.0,18334.0,17045.0,8.0,8939617.0
13753,AUT,Austria,2022-01-20,1504720.0,28094.0,17053.0,8.0,8939617.0
13754,AUT,Austria,2022-01-21,1529850.0,25130.0,17065.0,12.0,8939617.0
13755,AUT,Austria,2022-01-22,1559478.0,29628.0,17073.0,8.0,8939617.0
13756,AUT,Austria,2022-01-23,1586146.0,26668.0,17089.0,16.0,8939617.0
13757,AUT,Austria,2022-01-24,1609498.0,23352.0,17100.0,11.0,8939617.0
13758,AUT,Austria,2022-01-25,1634631.0,25133.0,17116.0,16.0,8939617.0
13759,AUT,Austria,2022-01-26,1661328.0,26697.0,17129.0,13.0,8939617.0
13760,AUT,Austria,2022-01-27,1699469.0,38141.0,17144.0,15.0,8939617.0
13761,AUT,Austria,2022-01-28,1735230.0,35761.0,17154.0,10.0,8939617.0
13762,AUT,Austria,2022-01-29,1773059.0,37829.0,17172.0,18.0,8939617.0
13763,AUT,Austria,2022-01-30,1806650.0,33591.0,17192.0,20.0,8939617.0
13764,AUT,Austria,2022-01-31,1835602.0,28952.0,17207.0,15.0,8939617.0
13765,AUT,Austria,2022-02-01,1861707.0,26105.0,17223.0,16.0,8939617.0
13766,AUT,Austria,2022-02-02,1889437.0,27730.0,17236.0,13.0,8939617.0
13767,AUT,Austria,2022-02-03,1933415.0,43978.0,17252.0,16.0,8939617.0
13768,AUT,Austria,2022-02-04,1967057.0,33642.0,17273.0,21.0,8939617.0
13769,AUT,Austria,2022-02-05,2003905.0,36848.0,17297.0,24.0,8939617.0
13770,AUT,Austria,2022-02-06,2037105.0,33200.0,17314.0,17.0,8939617.0
13771,AUT,Austria,2022-02-07,2067085.0,29980.0,17339.0,25.0,8939617.0
13772,AUT,Austria,2022-02-08,2093012.0,25927.0,17358.0,19.0,8939617.0
13773,AUT,Austria,2022-02-09,2122068.0,29056.0,17384.0,26.0,8939617.0
13774,AUT,Austria,2022-02-10,2162487.0,40419.0,17400.0,16.0,8939617.0
13775,AUT,Austria,2022-02-11,2197838.0,35351.0,17419.0,19.0,8939617.0
13776,AUT,Austria,2022-02-12,2231218.0,33380.0,17447.0,28.0,8939617.0
13777,AUT,Austria,2022-02-13,2261101.0,29883.0,17479.0,32.0,8939617.0
13778,AUT,Austria,2022-02-14,2286139.0,25038.0,17511.0,32.0,8939617.0
13779,AUT,Austria,2022-02-15,2310227.0,24088.0,17534.0,23.0,8939617.0
13780,AUT,Austria,2022-02-16,2336753.0,26526.0,17570.0,36.0,8939617.0
13781,AUT,Austria,2022-02-17,2375594.0,38841.0,17601.0,31.0,8939617.0
13782,AUT,Austria,2022-02-18,2406524.0,30930.0,17626.0,25.0,8939617.0
13783,AUT,Austria,2022-02-19,2437153.0,30629.0,17656.0,30.0,8939617.0
13784,AUT,Austria,2022-02-20,2462981.0,25828.0,17676.0,20.0,8939617.0
13785,AUT,Austria,2022-02-21,2484817.0,21836.0,17704.0,28.0,8939617.0
13786,AUT,Austria,2022-02-22,2506243.0,21426.0,17727.0,23.0,8939617.0
13787,AUT,Austria,2022-02-23,2530015.0,23772.0,17756.0,29.0,8939617.0
13788,AUT,Austria,2022-02-24,2565399.0,35384.0,17786.0,30.0,8939617.0
13789,AUT,Austria,2022-02-25,2594032.0,28633.0,17811.0,25.0,8939617.0
13790,AUT,Austria,2022-02-26,2623952.0,29920.0,17844.0,33.0,8939617.0
13791,AUT,Austria,2022-02-27,2649152.0,25200.0,17881.0,37.0,8939617.0
13792,AUT,Austria,2022-02-28,2671323.0,22171.0,17911.0,30.0,8939617.0
13793,AUT,Austria,2022-03-01,2692641.0,21318.0,17940.0,29.0,8939617.0
13794,AUT,Austria,2022-03-02,2720094.0,27453.0,17971.0,31.0,8939617.0
13795,AUT,Austria,2022-03-03,2761187.0,41093.0,18010.0,39.0,8939617.0
13796,AUT,Austria,2022-03-04,2793028.0,31841.0,18041.0,31.0,8939617.0
13797,AUT,Austria,2022-03-05,2825103.0,32075.0,18074.0,33.0,8939617.0
13798,AUT,Austria,2022-03-06,2856781.0,31678.0,18107.0,33.0,8939617.0
13799,AUT,Austria,2022-03-07,2884518.0,27737.0,18139.0,32.0,8939617.0
13800,AUT,Austria,2022-03-08,2911180.0,26662.0,18162.0,23.0,8939617.0
13801,AUT,Austria,2022-03-09,2945417.0,34237.0,18195.0,33.0,8939617.0
13802,AUT,Austria,2022-03-10,2996765.0,51348.0,18221.0,26.0,8939617.0
13803,AUT,Austria,2022-03-11,3047014.0,50249.0,18246.0,25.0,8939617.0
13804,AUT,Austria,2022-03-12,3096646.0,49632.0,18271.0,25.0,8939617.0
13805,AUT,Austria,2022-03-13,3140407.0,43761.0,18300.0,29.0,8939617.0
13806,AUT,Austria,2022-03-14,3178040.0,37633.0,18328.0,28.0,8939617.0
13807,AUT,Austria,2022-03-15,3212569.0,34529.0,18355.0,27.0,8939617.0
13808,AUT,Austria,2022-03-16,3252815.0,40246.0,18384.0,29.0,8939617.0
13809,AUT,Austria,2022-03-17,3316853.0,64038.0,18418.0,34.0,8939617.0
13810,AUT,Austria,2022-03-18,3368804.0,51951.0,18445.0,27.0,8939617.0
13811,AUT,Austria,2022-03-19,3419788.0,50984.0,18484.0,39.0,8939617.0
13812,AUT,Austria,2022-03-20,3462110.0,42322.0,18525.0,41.0,8939617.0
13813,AUT,Austria,2022-03-21,3499819.0,37709.0,18559.0,34.0,8939617.0
13814,AUT,Austria,2022-03-22,3531163.0,31344.0,18595.0,36.0,8939617.0
13815,AUT,Austria,2022-03-23,3568258.0,37095.0,18634.0,39.0,8939617.0
13816,AUT,Austria,2022-03-24,3623157.0,54899.0,18669.0,35.0,8939617.0
13817,AUT,Austria,2022-03-25,3664438.0,41281.0,18718.0,49.0,8939617.0
13818,AUT,Austria,2022-03-26,3701790.0,37352.0,18759.0,41.0,8939617.0
13819,AUT,Austria,2022-03-27,3734990.0,33200.0,18805.0,46.0,8939617.0
13820,AUT,Austria,2022-03-28,3760649.0,25659.0,18845.0,40.0,8939617.0
13821,AUT,Austria,2022-03-29,3781719.0,21070.0,18878.0,33.0,8939617.0
13822,AUT,Austria,2022-03-30,3807856.0,26137.0,18914.0,36.0,8939617.0
13823,AUT,Austria,2022-03-31,3842048.0,34192.0,18952.0,38.0,8939617.0
13824,AUT,Austria,2022-04-01,3868236.0,26188.0,19001.0,49.0,8939617.0
13825,AUT,Austria,2022-04-02,3890531.0,22295.0,19045.0,44.0,8939617.0
13826,AUT,Austria,2022-04-03,3909523.0,18992.0,19095.0,50.0,8939617.0
13827,AUT,Austria,2022-04-04,3923533.0,14010.0,19124.0,29.0,8939617.0
13828,AUT,Austria,2022-04-05,3935083.0,11550.0,19164.0,40.0,8939617.0
13829,AUT,Austria,2022-04-06,3950434.0,15351.0,19191.0,27.0,8939617.0
13830,AUT,Austria,2022-04-07,3971481.0,21047.0,19226.0,35.0,8939617.0
13831,AUT,Austria,2022-04-08,3987872.0,16391.0,19264.0,38.0,8939617.0
13832,AUT,Austria,2022-04-09,4001802.0,13930.0,19295.0,31.0,8939617.0
13833,AUT,Austria,2022-04-10,4014829.0,13027.0,19322.0,27.0,8939617.0
13834,AUT,Austria,2022-04-11,4025499.0,10670.0,19352.0,30.0,8939617.0
13835,AUT,Austria,2022-04-12,4032839.0,7340.0,19378.0,26.0,8939617.0
13836,AUT,Austria,2022-04-13,4042363.0,9524.0,19407.0,29.0,8939617.0
13837,AUT,Austria,2022-04-14,4054989.0,12626.0,19440.0,33.0,8939617.0
13838,AUT,Austria,2022-04-15,4065438.0,10449.0,19464.0,24.0,8939617.0
13839,AUT,Austria,2022-04-16,4075415.0,9977.0,19480.0,16.0,8939617.0
13840,AUT,Austria,2022-04-17,4084222.0,8807.0,19501.0,21.0,8939617.0
13841,AUT,Austria,2022-04-18,4091716.0,7494.0,19523.0,22.0,8939617.0
13842,AUT,Austria,2022-04-19,4097345.0,5629.0,19543.0,20.0,8939617.0
13843,AUT,Austria,2022-04-20,4103119.0,5774.0,19559.0,16.0,8939617.0
13844,AUT,Austria,2022-04-21,4111720.0,8601.0,19577.0,,8939617.0
13845,AUT,Austria,2022-04-22,4122722.0,11002.0,19591.0,,8939617.0
13846,AUT,Austria,2022-04-23,4130862.0,8140.0,19617.0,26.0,8939617.0
13847,AUT,Austria,2022-04-24,4137436.0,6574.0,19640.0,23.0,8939617.0
13848,AUT,Austria,2022-04-25,4142983.0,5547.0,19657.0,17.0,8939617.0
13849,AUT,Austria,2022-04-26,4147453.0,4470.0,19669.0,12.0,8939617.0
13850,AUT,Austria,2022-04-27,4153702.0,6249.0,19684.0,15.0,8939617.0
13851,AUT,Austria,2022-04-28,4162015.0,8313.0,19698.0,14.0,8939617.0
13852,AUT,Austria,2022-04-29,4168617.0,6602.0,19713.0,15.0,8939617.0
13853,AUT,Austria,2022-04-30,4174744.0,6127.0,19726.0,13.0,8939617.0
13854,AUT,Austria,2022-05-01,4180075.0,5331.0,19735.0,9.0,8939617.0
13855,AUT,Austria,2022-05-02,4184588.0,4513.0,19741.0,6.0,8939617.0
13856,AUT,Austria,2022-05-03,4188558.0,3970.0,19752.0,11.0,8939617.0
13857,AUT,Austria,2022-05-04,4194237.0,5679.0,19765.0,13.0,8939617.0
13858,AUT,Austria,2022-05-05,4201452.0,7215.0,19777.0,12.0,8939617.0
13859,AUT,Austria,2022-05-06,4207472.0,6020.0,19786.0,9.0,8939617.0
13860,AUT,Austria,2022-05-07,4213621.0,6149.0,19791.0,5.0,8939617.0
13861,AUT,Austria,2022-05-08,4218785.0,5164.0,19795.0,4.0,8939617.0
13862,AUT,Austria,2022-05-09,4222306.0,3521.0,19798.0,3.0,8939617.0
13863,AUT,Austria,2022-05-10,4226263.0,3957.0,19813.0,15.0,8939617.0
13864,AUT,Austria,2022-05-11,4231050.0,4787.0,19816.0,3.0,8939617.0
13865,AUT,Austria,2022-05-12,4236215.0,5165.0,19816.0,0.0,8939617.0
13866,AUT,Austria,2022-05-13,4241469.0,5254.0,19821.0,5.0,8939617.0
13867,AUT,Austria,2022-05-14,4246432.0,4963.0,19826.0,5.0,8939617.0
13868,AUT,Austria,2022-05-15,4250291.0,3859.0,19827.0,1.0,8939617.0
13869,AUT,Austria,2022-05-16,4253741.0,3450.0,19827.0,0.0,8939617.0
13870,AUT,Austria,2022-05-17,4255897.0,2156.0,19832.0,5.0,8939617.0
13871,AUT,Austria,2022-05-18,4258734.0,2837.0,19840.0,8.0,8939617.0
13872,AUT,Austria,2022-05-19,4263160.0,4426.0,19848.0,8.0,8939617.0
13873,AUT,Austria,2022-05-20,4266462.0,3302.0,19855.0,7.0,8939617.0
13874,AUT,Austria,2022-05-21,4266462.0,0.0,19855.0,0.0,8939617.0
13875,AUT,Austria,2022-05-22,4266462.0,0.0,19855.0,0.0,8939617.0
13876,AUT,Austria,2022-05-23,4273888.0,7426.0,19865.0,10.0,8939617.0
13877,AUT,Austria,2022-05-24,4274095.0,207.0,19874.0,9.0,8939617.0
13878,AUT,Austria,2022-05-25,4276334.0,2239.0,19876.0,2.0,8939617.0
13879,AUT,Austria,2022-05-26,4278954.0,2620.0,19887.0,11.0,8939617.0
13880,AUT,Austria,2022-05-27,4281585.0,2631.0,19895.0,8.0,8939617.0
13881,AUT,Austria,2022-05-28,4281585.0,0.0,19895.0,0.0,8939617.0
13882,AUT,Austria,2022-05-29,4281585.0,0.0,19895.0,0.0,8939617.0
13883,AUT,Austria,2022-05-30,4286885.0,5300.0,19921.0,26.0,8939617.0
13884,AUT,Austria,2022-05-31,4288153.0,1268.0,19927.0,6.0,8939617.0
13885,AUT,Austria,2022-06-01,4289988.0,1835.0,19931.0,4.0,8939617.0
13886,AUT,Austria,2022-06-02,4293027.0,3039.0,19937.0,6.0,8939617.0
13887,AUT,Austria,2022-06-03,4295818.0,2791.0,19938.0,1.0,8939617.0
13888,AUT,Austria,2022-06-04,4295818.0,0.0,19938.0,0.0,8939617.0
13889,AUT,Austria,2022-06-05,4295818.0,0.0,19938.0,0.0,8939617.0
13890,AUT,Austria,2022-06-06,4304326.0,8508.0,19946.0,8.0,8939617.0
13891,AUT,Austria,2022-06-07,4306509.0,2183.0,19950.0,4.0,8939617.0
13892,AUT,Austria,2022-06-08,4308082.0,1573.0,19953.0,3.0,8939617.0
13893,AUT,Austria,2022-06-09,4311116.0,3034.0,19960.0,7.0,8939617.0
13894,AUT,Austria,2022-06-10,4316435.0,5319.0,19963.0,3.0,8939617.0
13895,AUT,Austria,2022-06-11,4316435.0,0.0,19963.0,0.0,8939617.0
13896,AUT,Austria,2022-06-12,4316435.0,0.0,19963.0,0.0,8939617.0
13897,AUT,Austria,2022-06-13,4327840.0,11405.0,19969.0,6.0,8939617.0
13898,AUT,Austria,2022-06-14,4330667.0,2827.0,19973.0,4.0,8939617.0
13899,AUT,Austria,2022-06-15,4335007.0,4340.0,19975.0,2.0,8939617.0
13900,AUT,Austria,2022-06-16,4342311.0,7304.0,19983.0,8.0,8939617.0
13901,AUT,Austria,2022-06-17,4349916.0,7605.0,19984.0,1.0,8939617.0
13902,AUT,Austria,2022-06-18,4349916.0,0.0,19984.0,0.0,8939617.0
13903,AUT,Austria,2022-06-19,4349916.0,0.0,19984.0,0.0,8939617.0
13904,AUT,Austria,2022-06-20,4367190.0,17274.0,19993.0,9.0,8939617.0
13905,AUT,Austria,2022-06-21,4372423.0,5233.0,19998.0,5.0,8939617.0
13906,AUT,Austria,2022-06-22,4379778.0,7355.0,20010.0,12.0,8939617.0
13907,AUT,Austria,2022-06-23,4391150.0,11372.0,20011.0,1.0,8939617.0
13908,AUT,Austria,2022-06-24,4400566.0,9416.0,20015.0,4.0,8939617.0
13909,AUT,Austria,2022-06-25,4400566.0,0.0,20015.0,0.0,8939617.0
13910,AUT,Austria,2022-06-26,4400566.0,0.0,20015.0,0.0,8939617.0
13911,AUT,Austria,2022-06-27,4425837.0,25271.0,20023.0,8.0,8939617.0
13912,AUT,Austria,2022-06-28,4432922.0,7085.0,20029.0,6.0,8939617.0
13913,AUT,Austria,2022-06-29,4447278.0,14356.0,20037.0,8.0,8939617.0
13914,AUT,Austria,2022-06-30,4459767.0,12489.0,20048.0,11.0,8939617.0
13915,AUT,Austria,2022-07-01,4471152.0,11385.0,20057.0,9.0,8939617.0
13916,AUT,Austria,2022-07-02,4471152.0,0.0,20057.0,0.0,8939617.0
13917,AUT,Austria,2022-07-03,4471152.0,0.0,20057.0,0.0,8939617.0
13918,AUT,Austria,2022-07-04,4499570.0,28418.0,20068.0,11.0,8939617.0
13919,AUT,Austria,2022-07-05,4506979.0,7409.0,20070.0,2.0,8939617.0
13920,AUT,Austria,2022-07-06,4517003.0,10024.0,20082.0,12.0,8939617.0
13921,AUT,Austria,2022-07-07,4529939.0,12936.0,20093.0,11.0,8939617.0
13922,AUT,Austria,2022-07-08,4542028.0,12089.0,20099.0,6.0,8939617.0
13923,AUT,Austria,2022-07-09,4542028.0,0.0,20099.0,0.0,8939617.0
13924,AUT,Austria,2022-07-10,4542028.0,0.0,20099.0,0.0,8939617.0
13925,AUT,Austria,2022-07-11,4573219.0,31191.0,20120.0,21.0,8939617.0
13926,AUT,Austria,2022-07-12,4579384.0,6165.0,20135.0,15.0,8939617.0
13927,AUT,Austria,2022-07-13,4591009.0,11625.0,20152.0,17.0,8939617.0
13928,AUT,Austria,2022-07-14,4606092.0,15083.0,20156.0,4.0,8939617.0
13929,AUT,Austria,2022-07-15,4618853.0,12761.0,20163.0,7.0,8939617.0
13930,AUT,Austria,2022-07-16,4618853.0,0.0,20163.0,0.0,8939617.0
13931,AUT,Austria,2022-07-17,4618853.0,0.0,20163.0,0.0,8939617.0
13932,AUT,Austria,2022-07-18,4655677.0,36824.0,20176.0,13.0,8939617.0
13933,AUT,Austria,2022-07-19,4663725.0,8048.0,20183.0,7.0,8939617.0
13934,AUT,Austria,2022-07-20,4675532.0,11807.0,20198.0,15.0,8939617.0
13935,AUT,Austria,2022-07-21,4691948.0,16416.0,20217.0,19.0,8939617.0
13936,AUT,Austria,2022-07-22,4704616.0,12668.0,20226.0,9.0,8939617.0
13937,AUT,Austria,2022-07-23,4704616.0,0.0,20226.0,0.0,8939617.0
13938,AUT,Austria,2022-07-24,4704616.0,0.0,20226.0,0.0,8939617.0
13939,AUT,Austria,2022-07-25,4734005.0,29389.0,20254.0,28.0,8939617.0
13940,AUT,Austria,2022-07-26,4743620.0,9615.0,20263.0,9.0,8939617.0
13941,AUT,Austria,2022-07-27,4753092.0,9472.0,20278.0,15.0,8939617.0
13942,AUT,Austria,2022-07-28,4764902.0,11810.0,20310.0,32.0,8939617.0
13943,AUT,Austria,2022-07-29,4774043.0,9141.0,20317.0,7.0,8939617.0
13944,AUT,Austria,2022-07-30,4774043.0,0.0,20317.0,0.0,8939617.0
13945,AUT,Austria,2022-07-31,4774043.0,0.0,20317.0,0.0,8939617.0
13946,AUT,Austria,2022-08-01,4774043.0,0.0,20317.0,0.0,8939617.0
13947,AUT,Austria,2022-08-02,4799326.0,25283.0,20366.0,49.0,8939617.0
13948,AUT,Austria,2022-08-03,4807205.0,7879.0,20390.0,24.0,8939617.0
13949,AUT,Austria,2022-08-04,4815584.0,8379.0,20396.0,6.0,8939617.0
13950,AUT,Austria,2022-08-05,4821763.0,6179.0,20411.0,15.0,8939617.0
13951,AUT,Austria,2022-08-06,4821763.0,0.0,20411.0,0.0,8939617.0
13952,AUT,Austria,2022-08-07,4821763.0,0.0,20411.0,0.0,8939617.0
13953,AUT,Austria,2022-08-08,4838882.0,17119.0,20435.0,24.0,8939617.0
13954,AUT,Austria,2022-08-09,4842843.0,3961.0,20441.0,6.0,8939617.0
13955,AUT,Austria,2022-08-10,4848736.0,5893.0,20460.0,19.0,8939617.0
13956,AUT,Austria,2022-08-11,4855498.0,6762.0,20472.0,12.0,8939617.0
13957,AUT,Austria,2022-08-12,4861952.0,6454.0,20485.0,13.0,8939617.0
13958,AUT,Austria,2022-08-13,4861952.0,0.0,20485.0,0.0,8939617.0
13959,AUT,Austria,2022-08-14,4861952.0,0.0,20485.0,0.0,8939617.0
13960,AUT,Austria,2022-08-15,4878113.0,16161.0,20507.0,22.0,8939617.0
13961,AUT,Austria,2022-08-16,4881155.0,3042.0,20509.0,2.0,8939617.0
13962,AUT,Austria,2022-08-17,4885051.0,3896.0,20512.0,3.0,8939617.0
13963,AUT,Austria,2022-08-18,4891298.0,6247.0,20530.0,18.0,8939617.0
13964,AUT,Austria,2022-08-19,4898954.0,7656.0,20546.0,16.0,8939617.0
13965,AUT,Austria,2022-08-20,4898954.0,0.0,20546.0,0.0,8939617.0
13966,AUT,Austria,2022-08-21,4898954.0,0.0,20546.0,0.0,8939617.0
13967,AUT,Austria,2022-08-22,4915074.0,16120.0,20573.0,27.0,8939617.0
13968,AUT,Austria,2022-08-23,4918238.0,3164.0,20578.0,5.0,8939617.0
13969,AUT,Austria,2022-08-24,4923446.0,5208.0,20593.0,15.0,8939617.0
13970,AUT,Austria,2022-08-25,4929134.0,5688.0,20604.0,11.0,8939617.0
13971,AUT,Austria,2022-08-26,4934634.0,5500.0,20613.0,9.0,8939617.0
13972,AUT,Austria,2022-08-27,4934634.0,0.0,20613.0,0.0,8939617.0
13973,AUT,Austria,2022-08-28,4934634.0,0.0,20613.0,0.0,8939617.0
13974,AUT,Austria,2022-08-29,4934634.0,0.0,20613.0,0.0,8939617.0
13975,AUT,Austria,2022-08-30,4951660.0,17026.0,20628.0,15.0,8939617.0
13976,AUT,Austria,2022-08-31,4956010.0,4350.0,20639.0,11.0,8939617.0
13977,AUT,Austria,2022-09-01,4961354.0,5344.0,20648.0,9.0,8939617.0
13978,AUT,Austria,2022-09-02,4966009.0,4655.0,20659.0,11.0,8939617.0
13979,AUT,Austria,2022-09-03,4966009.0,0.0,20659.0,0.0,8939617.0
13980,AUT,Austria,2022-09-04,4966009.0,0.0,20659.0,0.0,8939617.0
13981,AUT,Austria,2022-09-05,4977837.0,11828.0,20668.0,9.0,8939617.0
13982,AUT,Austria,2022-09-06,4980628.0,2791.0,20671.0,3.0,8939617.0
13983,AUT,Austria,2022-09-07,4984809.0,4181.0,20678.0,7.0,8939617.0
13984,AUT,Austria,2022-09-08,4984809.0,0.0,20678.0,0.0,8939617.0
13985,AUT,Austria,2022-09-09,4984809.0,0.0,20678.0,0.0,8939617.0
13986,AUT,Austria,2022-09-10,4984809.0,0.0,20678.0,0.0,8939617.0
13987,AUT,Austria,2022-09-11,4984809.0,0.0,20678.0,0.0,8939617.0
13988,AUT,Austria,2022-09-12,5006893.0,22084.0,20711.0,33.0,8939617.0
13989,AUT,Austria,2022-09-13,5009501.0,2608.0,20712.0,1.0,8939617.0
13990,AUT,Austria,2022-09-14,4996567.0,,20656.0,,8939617.0
13991,AUT,Austria,2022-09-15,5002850.0,6283.0,20661.0,5.0,8939617.0
13992,AUT,Austria,2022-09-16,5008515.0,5665.0,20664.0,3.0,8939617.0
13993,AUT,Austria,2022-09-17,5013900.0,5385.0,20670.0,6.0,8939617.0
13994,AUT,Austria,2022-09-18,5024113.0,10213.0,20677.0,7.0,8939617.0
13995,AUT,Austria,2022-09-19,5027739.0,3626.0,20677.0,0.0,8939617.0
13996,AUT,Austria,2022-09-20,5033797.0,6058.0,20683.0,6.0,8939617.0
13997,AUT,Austria,2022-09-21,5042307.0,8510.0,20690.0,7.0,8939617.0
13998,AUT,Austria,2022-09-22,5050233.0,7926.0,20700.0,10.0,8939617.0
13999,AUT,Austria,2022-09-23,5058191.0,7958.0,20707.0,7.0,8939617.0
14000,AUT,Austria,2022-09-24,5066790.0,8599.0,20712.0,5.0,8939617.0
14001,AUT,Austria,2022-09-25,5073706.0,6916.0,20712.0,0.0,8939617.0
14002,AUT,Austria,2022-09-26,5079700.0,5994.0,20713.0,1.0,8939617.0
14003,AUT,Austria,2022-09-27,5090354.0,10654.0,20723.0,10.0,8939617.0
14004,AUT,Austria,2022-09-28,5105202.0,14848.0,20734.0,11.0,8939617.0
14005,AUT,Austria,2022-09-29,5118512.0,13310.0,20738.0,4.0,8939617.0
14006,AUT,Austria,2022-09-30,5131527.0,13015.0,20743.0,5.0,8939617.0
14007,AUT,Austria,2022-10-01,5144116.0,12589.0,20754.0,11.0,8939617.0
14008,AUT,Austria,2022-10-02,5154447.0,10331.0,20756.0,2.0,8939617.0
14009,AUT,Austria,2022-10-03,5162934.0,8487.0,20758.0,2.0,8939617.0
14010,AUT,Austria,2022-10-04,5176787.0,13853.0,20767.0,9.0,8939617.0
14011,AUT,Austria,2022-10-05,5195408.0,18621.0,20779.0,12.0,8939617.0
14012,AUT,Austria,2022-10-06,5210285.0,14877.0,20794.0,15.0,8939617.0
14013,AUT,Austria,2022-10-07,5226219.0,15934.0,20809.0,15.0,8939617.0
14014,AUT,Austria,2022-10-08,5239883.0,13664.0,20823.0,14.0,8939617.0
14015,AUT,Austria,2022-10-09,5252058.0,12175.0,20824.0,1.0,8939617.0
14016,AUT,Austria,2022-10-10,5260762.0,8704.0,20825.0,1.0,8939617.0
14017,AUT,Austria,2022-10-11,5273660.0,12898.0,20857.0,32.0,8939617.0
14018,AUT,Austria,2022-10-12,5292125.0,18465.0,20880.0,23.0,8939617.0
14019,AUT,Austria,2022-10-13,5306372.0,14247.0,20895.0,15.0,8939617.0
14020,AUT,Austria,2022-10-14,5319474.0,13102.0,20912.0,17.0,8939617.0
14021,AUT,Austria,2022-10-15,5331324.0,11850.0,20922.0,10.0,8939617.0
14022,AUT,Austria,2022-10-16,5340548.0,9224.0,20926.0,4.0,8939617.0
14023,AUT,Austria,2022-10-17,5346939.0,6391.0,20928.0,2.0,8939617.0
14024,AUT,Austria,2022-10-18,5356174.0,9235.0,20943.0,15.0,8939617.0
14025,AUT,Austria,2022-10-19,5369885.0,13711.0,20953.0,10.0,8939617.0
14026,AUT,Austria,2022-10-20,5379734.0,9849.0,20971.0,18.0,8939617.0
14027,AUT,Austria,2022-10-21,5387830.0,8096.0,20980.0,9.0,8939617.0
14028,AUT,Austria,2022-10-22,5387830.0,0.0,20980.0,0.0,8939617.0
14029,AUT,Austria,2022-10-23,5387830.0,0.0,20980.0,0.0,8939617.0
14030,AUT,Austria,2022-10-24,5402162.0,14332.0,20899.0,,8939617.0
14031,AUT,Austria,2022-10-25,5408648.0,6486.0,20922.0,23.0,8939617.0
14032,AUT,Austria,2022-10-26,5416866.0,8218.0,20943.0,21.0,8939617.0
14033,AUT,Austria,2022-10-27,5421306.0,4440.0,20946.0,3.0,8939617.0
14034,AUT,Austria,2022-10-28,5426408.0,5102.0,20963.0,17.0,8939617.0
14035,AUT,Austria,2022-10-29,5432162.0,5754.0,20976.0,13.0,8939617.0
14036,AUT,Austria,2022-10-30,5436721.0,4559.0,20979.0,3.0,8939617.0
14037,AUT,Austria,2022-10-31,5439567.0,2846.0,20981.0,2.0,8939617.0
14038,AUT,Austria,2022-11-01,5443883.0,4316.0,20990.0,9.0,8939617.0
14039,AUT,Austria,2022-11-02,5448375.0,4492.0,20990.0,0.0,8939617.0
14040,AUT,Austria,2022-11-03,5453038.0,4663.0,21012.0,22.0,8939617.0
14041,AUT,Austria,2022-11-04,5458604.0,5566.0,21029.0,17.0,8939617.0
14042,AUT,Austria,2022-11-05,5462911.0,4307.0,21036.0,7.0,8939617.0
14043,AUT,Austria,2022-11-06,5466250.0,3339.0,21037.0,1.0,8939617.0
14044,AUT,Austria,2022-11-07,5468967.0,2717.0,21040.0,3.0,8939617.0
14045,AUT,Austria,2022-11-08,5472671.0,3704.0,21049.0,9.0,8939617.0
14046,AUT,Austria,2022-11-09,5477350.0,4679.0,21059.0,10.0,8939617.0
14047,AUT,Austria,2022-11-10,5481274.0,3924.0,21069.0,10.0,8939617.0
14048,AUT,Austria,2022-11-11,5484553.0,3279.0,21082.0,13.0,8939617.0
14049,AUT,Austria,2022-11-12,5488376.0,3823.0,21090.0,8.0,8939617.0
14050,AUT,Austria,2022-11-13,5491252.0,2876.0,21093.0,3.0,8939617.0
14051,AUT,Austria,2022-11-14,5493469.0,2217.0,21094.0,1.0,8939617.0
14052,AUT,Austria,2022-11-15,5497145.0,3676.0,21105.0,11.0,8939617.0
14053,AUT,Austria,2022-11-16,5502186.0,5041.0,21116.0,11.0,8939617.0
14054,AUT,Austria,2022-11-17,5506697.0,4511.0,21124.0,8.0,8939617.0
14055,AUT,Austria,2022-11-18,5510919.0,4222.0,21134.0,10.0,8939617.0
14056,AUT,Austria,2022-11-19,5514701.0,3782.0,21143.0,9.0,8939617.0
14057,AUT,Austria,2022-11-20,5517893.0,3192.0,21144.0,1.0,8939617.0
